ID,country,name,Technology,capacity_el,pumping_capacity,zone_el,Latitude,Longitude,Volume,Storage_Capacity,Dam Height,Commission,Pumped_cons,Pumped_prod
HY2BE,BE,Coo-Trois-Ponts 1,Pumped hydro,474.0,474.0,BE,50.3717154,5.8703455,8.5,2500.0,275.0,1978,67.25976184,94.16926403
HY3BE,BE,Coo-Trois-Ponts 2,Pumped hydro,690.0,690.0,BE,50.3717154,5.8703455,8.5,2500.0,275.0,1978,73.03850464,99.94800683
HY12BE,BE,Plate-Taille T,Pumped hydro,144.0,143.0,BE,50.1857528,4.3823302,68.4,710.0,70.0,1981,70.19708164,97.10658383
HY1BG,BG,Belmeken,Pumped hydro,375.0,104.0,BG,42.1995,23.858,42.72397094,640.0,640.0,1974,67.56270315,98.87643056
HY3BG,BG,Chaira 1,Pumped hydro,227.0,204.0,BG,42.1589,23.870845,24.5,6835.0,690.0,1995,72.40225931,103.7159867
HY4BG,BG,Chaira 2,Pumped hydro,227.0,204.0,BG,42.1589,23.870845,24.5,6835.0,690.0,1995,75.75721473,107.0709421
HY5BG,BG,Chaira 3,Pumped hydro,227.0,204.0,BG,42.1589,23.870845,24.5,6835.0,690.0,1995,74.99106787,106.3047953
HY6BG,BG,Chaira 4,Pumped hydro,227.0,204.0,BG,42.1589,23.870845,24.5,6835.0,690.0,1995,81.7620225,113.0757499
HY8BG,BG,Orphey,Pumped hydro,160.0,43.0,BG,41.9404,24.4471,226.12,13150.0,65.8,1975,70.23626847,101.5499959
HY2CZ,CZ,DlouhÃÂÃÂÃÂÃÂÃÂÃÂÃÂÃÂÃÂÃÂÃÂÃÂÃÂÃÂÃÂÃÂÃÂÃÂÃÂÃÂÃÂÃÂÃÂÃÂÃÂÃÂÃÂÃÂÃÂÃÂÃÂÃÂ© StrÃÂÃÂÃÂÃÂÃÂÃÂÃÂÃÂÃÂÃÂÃÂÃÂÃÂÃÂÃÂÃÂÃÂÃÂÃÂÃÂÃÂÃÂÃÂÃÂÃÂÃÂÃÂÃÂÃÂÃÂÃÂÃÂ¡n? EDST G1,Pumped hydro,319.0,0.0,CZ,50.08259,17.180557,2.72,160.0,56.0,1996,52.41283662,90.10855267
HY3CZ,CZ,DlouhÃÂÃÂÃÂÃÂÃÂÃÂÃÂÃÂÃÂÃÂÃÂÃÂÃÂÃÂÃÂÃÂÃÂÃÂÃÂÃÂÃÂÃÂÃÂÃÂÃÂÃÂÃÂÃÂÃÂÃÂÃÂÃÂ© StrÃÂÃÂÃÂÃÂÃÂÃÂÃÂÃÂÃÂÃÂÃÂÃÂÃÂÃÂÃÂÃÂÃÂÃÂÃÂÃÂÃÂÃÂÃÂÃÂÃÂÃÂÃÂÃÂÃÂÃÂÃÂÃÂ¡n? EDST G2,Pumped hydro,319.0,0.0,CZ,50.08259,17.180557,2.72,160.0,56.0,1996,58.19157942,95.88729547
HY6CZ,CZ,DaleÃÂÃÂÃÂÃÂÃÂÃÂÃÂÃÂÃÂÃÂÃÂÃÂÃÂÃÂÃÂÃÂÃÂÃÂÃÂÃÂÃÂÃÂÃÂÃÂÃÂÃÂÃÂÃÂÃÂÃÂÃÂÃÂice EDAL G1,Pumped hydro,118.0,118.0,CZ,49.125,16.1224,127.3,575.0,100.0,1978,67.55134261,105.2470587
HY7CZ,CZ,DaleÃÂÃÂÃÂÃÂÃÂÃÂÃÂÃÂÃÂÃÂÃÂÃÂÃÂÃÂÃÂÃÂÃÂÃÂÃÂÃÂÃÂÃÂÃÂÃÂÃÂÃÂÃÂÃÂÃÂÃÂÃÂÃÂice EDAL G2,Pumped hydro,118.0,118.0,CZ,49.125,16.1224,127.3,575.0,100.0,1978,56.02437321,93.72008926
HY8CZ,CZ,DaleÃÂÃÂÃÂÃÂÃÂÃÂÃÂÃÂÃÂÃÂÃÂÃÂÃÂÃÂÃÂÃÂÃÂÃÂÃÂÃÂÃÂÃÂÃÂÃÂÃÂÃÂÃÂÃÂÃÂÃÂÃÂÃÂice EDAL G3,Pumped hydro,118.0,118.0,CZ,49.125,16.1224,127.3,575.0,100.0,1978,56.02558859,93.72130463
HY9CZ,CZ,DaleÃÂÃÂÃÂÃÂÃÂÃÂÃÂÃÂÃÂÃÂÃÂÃÂÃÂÃÂÃÂÃÂÃÂÃÂÃÂÃÂÃÂÃÂÃÂÃÂÃÂÃÂÃÂÃÂÃÂÃÂÃÂÃÂice EDAL G4,Pumped hydro,118.0,118.0,CZ,49.125,16.1224,127.3,575.0,100.0,1978,65.23183689,102.9275529
HY10CZ,CZ,ÃÂÃÂÃÂÃÂÃÂÃÂÃÂÃÂÃÂÃÂÃÂÃÂÃÂÃÂÃÂÃÂÃÂÃÂÃÂÃÂÃÂÃÂÃÂÃÂÃÂÃÂÃÂÃÂÃÂÃÂÃÂÃÂt?chovice ESTP,Pumped hydro,45.0,0.0,CZ,49.8455,14.42067,11.2,220.0,22.5,---,53.11222315,90.8079392
HY1DE,DE,Waldeck II / Eder,Pumped hydro,480.0,0.0,DELU,51.165,9.0427,5.136,3400.0,620.0,---,55.35180584,84.17482419
HY2DE,DE,SÃÂÃÂÃÂÃÂÃÂÃÂÃÂÃÂÃÂÃÂÃÂÃÂÃÂÃÂÃÂÃÂÃÂÃÂÃÂÃÂÃÂÃÂÃÂÃÂÃÂÃÂÃÂÃÂÃÂÃÂÃÂÃÂ¤ckingen 1 bis 4,Pumped hydro,370.0,300.0,DELU,47.565,7.954,0.0,0.0,0.0,---,54.4126192,83.23563756
HY3DE,DE,Hohenwarte II  A bis H,Pumped hydro,320.0,0.0,DELU,50.604,11.475,6.28,2087.0,360.0,---,52.94076529,81.76378365
HY4DE,DE,Goldisthal A / Schwarzatal,Pumped hydro,265.0,265.0,DELU,50.5075,11.0049,12.0,2120.0,302.0,---,59.05280609,87.87582445
HY5DE,DE,Goldisthal B / Schwarzatal,Pumped hydro,265.0,265.0,DELU,50.5075,11.0049,12.0,2120.0,302.0,---,51.85325069,80.67626905
HY6DE,DE,Goldisthal C / Schwarzatal,Pumped hydro,265.0,265.0,DELU,50.5075,11.0049,12.0,2120.0,302.0,---,61.69863148,90.52164984
HY7DE,DE,Goldisthal D / Schwarzatal,Pumped hydro,265.0,265.0,DELU,50.5075,11.0049,12.0,2120.0,302.0,---,68.13413052,96.95714888
HY8DE,DE,Wehr 1,Pumped hydro,248.0,248.0,DELU,47.6523,7.9262,4.4,1975.0,625.0,---,61.9005923,90.72361066
HY9DE,DE,Wehr 2,Pumped hydro,248.0,248.0,DELU,47.6523,7.9262,4.4,1975.0,625.0,---,66.00263408,94.82565243
HY10DE,DE,Wehr 3,Pumped hydro,248.0,248.0,DELU,47.6523,7.9262,4.4,1975.0,625.0,---,63.74764332,92.57066167
HY11DE,DE,Wehr 4,Pumped hydro,248.0,248.0,DELU,47.6523,7.9262,4.4,1975.0,625.0,---,50.68376041,79.50677877
HY12DE,DE,Witznau 1 bis 4,Pumped hydro,240.0,128.0,DELU,47.688,8.252,1.3,722.0,250.0,---,62.60743526,91.43045361
HY13DE,DE,Erzhausen 1-4 / Leine,Pumped hydro,222.86,0.0,DELU,51.899,9.9243,1.6,940.0,287.0,---,62.83213435,91.65515271
HY14DE,DE,Waldshut 1 bis 4,Pumped hydro,176.0,80.0,DELU,47.61777,8.1926,3.2,480.0,160.0,---,57.8204068,86.64342516
HY15DE,DE,Markersbach A,Pumped hydro,175.0,175.0,DELU,51.10454,13.20174,6.3,669.6666667,285.0,---,63.81509082,92.63810918
HY16DE,DE,Markersbach B,Pumped hydro,175.0,175.0,DELU,51.10454,13.20174,6.3,669.6666667,285.0,---,63.69767829,92.52069665
HY17DE,DE,Markersbach C,Pumped hydro,175.0,175.0,DELU,51.10454,13.20174,6.3,669.6666667,285.0,---,63.76498211,92.58800046
HY18DE,DE,Markersbach D,Pumped hydro,175.0,175.0,DELU,51.10454,13.20174,6.3,669.6666667,285.0,---,52.90142627,81.72444462
HY19DE,DE,Markersbach E,Pumped hydro,175.0,175.0,DELU,51.10454,13.20174,6.3,669.6666667,285.0,---,59.05411462,87.87713298
HY20DE,DE,Markersbach F,Pumped hydro,175.0,175.0,DELU,51.10454,13.20174,6.3,669.6666667,285.0,---,49.84489069,78.66790905
HY21DE,DE,Langenprozelten / Main,Pumped hydro,168.4,0.0,DELU,50.05313,9.58137,1.5,950.0,297.0,---,51.14479917,79.96781753
HY22DE,DE,Koepchenwerk / Ruhr,Pumped hydro,165.0,0.0,DELU,51.4102,7.4526,1.593,590.0,155.0,---,62.86149325,91.68451161
HY23DE,DE,Happurg 1 bis 4 / Pegnitz,Pumped hydro,162.1,0.0,DELU,49.48712,11.47479,0.0,900.0,211.0,---,55.8814663,84.70448466
HY891DE,DE,Waldeck I / Eder,Pumped hydro,147.3,0.0,DELU,51.167139,9.046832,5.136,461.0,620.0,---,61.53594968,90.35896804
HY892DE,DE,HÃÂÃÂÃÂÃÂÃÂÃÂÃÂÃÂÃÂÃÂÃÂÃÂÃÂÃÂÃÂÃÂÃÂÃÂÃÂÃÂÃÂÃÂÃÂÃÂÃÂÃÂÃÂÃÂÃÂÃÂÃÂÃÂ¤usern 1 bis 4,Pumped hydro,145.0,145.0,DELU,47.75459,8.18787,108.0,527.0,200.0,---,53.38587528,82.20889363
HY893DE,DE,SchwÃÂÃÂÃÂÃÂÃÂÃÂÃÂÃÂÃÂÃÂÃÂÃÂÃÂÃÂÃÂÃÂÃÂÃÂÃÂÃÂÃÂÃÂÃÂÃÂÃÂÃÂÃÂÃÂÃÂÃÂÃÂÃÂ¶rstadt-Ryburg 1 bis 4 / Rhein,Pumped hydro,144.0,0.0,DELU,47.585377,7.832657,2.1,1866.0,400.0,---,63.85331038,92.67632874
HY894DE,DE,RÃÂÃÂÃÂÃÂÃÂÃÂÃÂÃÂÃÂÃÂÃÂÃÂÃÂÃÂÃÂÃÂÃÂÃÂÃÂÃÂÃÂÃÂÃÂÃÂÃÂÃÂÃÂÃÂÃÂÃÂÃÂÃÂ¶nkhausen 1 u. 2 / Glingetal,Pumped hydro,140.0,0.0,DELU,51.22475,7.99281,1.0,690.0,266.0,---,61.1342795,89.95729786
HY898DE,DE,Geesthacht A-C / Elbe,Pumped hydro,120.0,96.0,DELU,53.42605,10.3359,3.6,600.0,80.0,---,65.20954147,94.03255983
HY899DE,DE,Reisach 1 bis 3,Pumped hydro,106.37,0.0,DELU,49.53002,12.28481,0.0,630.0,188.0,---,66.85478097,95.67779933
HY900DE,DE,Trausnitz PH Gen2,Pumped hydro,99.0,0.0,DELU,49.55226,12.28127,2.2,1700.0,324.0,---,69.58599579,98.40901415
HY901DE,DE,Metzingen-Glems PH Gen,Pumped hydro,90.0,68.0,DELU,48.50499,9.28692,0.9,566.0,283.0,---,57.49065145,86.3136698
HY902DE,DE,Schleiz PH Gen,Pumped hydro,79.8,80.0,DELU,50.52438482,11.71438694,5.6,572.0,46.0,---,57.4568667,86.27988506
HY903DE,DE,Wendefurth PH Gen,Pumped hydro,79.7,0.0,DELU,51.74223,10.91879,1.97,551.0,126.0,---,57.82443273,86.64745109
HY904DE,DE,Hohenwarte PH Gen,Pumped hydro,59.8,0.0,DELU,50.61433423,11.49212837,6.28,504.0,360.0,---,64.84064068,93.66365904
HY905DE,DE,Vagen PH Gen1,Pumped hydro,48.0,0.0,DELU,47.873938,11.87099,0.0,550.0,128.0,---,69.0617658,97.88478416
HY906DE,DE,Vagen PH Gen2,Pumped hydro,44.0,0.0,DELU,47.873938,11.87099,0.0,550.0,128.0,---,67.13263847,95.95565683
HY907DE,DE,Forbach PH Gen,Pumped hydro,43.0,0.0,DELU,48.6731884,8.355705841,14.288,0.0,65.0,---,67.58342145,96.40643981
HY908DE,DE,Niederwartha PH Gen,Pumped hydro,39.8,0.0,DELU,51.09153428,13.60982895,1.981,591.0,143.0,---,64.85141379,93.67443215
HY909DE,DE,Trausnitz PH Gen1,Pumped hydro,28.0,0.0,DELU,49.55226,12.28127,2.2,1700.0,324.0,---,53.74909969,82.57211805
HY910DE,DE,Vandans PH Gen,Pumped hydro,12.0,0.0,DELU,47.073096,9.873709,0.0,0.0,0.0,---,65.64827125,94.47128961
HY1IE,IE,Turlough Hill Unit 1,Pumped hydro,73.0,0.0,SEM,53.024,-6.416,2.3,450.0,549.0,---,73.08494944,99.37612504
HY2IE,IE,Turlough Hill Unit 2,Pumped hydro,73.0,0.0,SEM,53.024,-6.416,2.3,450.0,549.0,---,72.14576281,98.4369384
HY3IE,IE,Turlough Hill Unit 3,Pumped hydro,73.0,0.0,SEM,53.024,-6.416,2.3,450.0,549.0,---,70.6739089,96.96508449
HY4IE,IE,Turlough Hill Unit 4,Pumped hydro,73.0,0.0,SEM,53.024,-6.416,2.3,450.0,549.0,---,76.7859497,103.0771253
HY19EL,EL,Sfikia Pumped Hydro,Pumped hydro,315.0,315.0,EL,40.3973,22.1922,18.0,1320.0,81.0,---,70.94998538,114.2552653
HY22EL,EL,Thesavros (Thesaurus) Pumped Hydro 1,Pumped hydro,128.0,128.0,EL,41.35462,24.36698,188.3333333,1273.333333,135.0,---,71.94792916,115.2532091
HY23EL,EL,Thesavros (Thesaurus) Pumped Hydro 2,Pumped hydro,128.0,128.0,EL,41.35462,24.36698,188.3333333,1273.333333,135.0,---,74.07236697,117.3776469
HY24EL,EL,Thesavros (Thesaurus) Pumped Hydro 3,Pumped hydro,128.0,128.0,EL,41.35462,24.36698,188.3333333,1273.333333,135.0,---,79.82135844,123.1266384
HY1ES,ES,Muela,Pumped hydro,1516.76,1390.0,ES,39.243581,-0.931709,20.0,24500.0,450.0,---,75.72701868,98.4107065
HY2ES,ES,Aldeadavila,Pumped hydro,1226.43,0.0,ES,41.209335,-6.686566,56.6,35000.0,139.5,---,74.78783204,97.47151986
HY3ES,ES,Villarino I,Pumped hydro,851.0,828.0,ES,41.271328,-6.320278,2648.0,85100.0,202.0,---,79.48766288,102.1713507
HY4ES,ES,Estany gento sallente,Pumped hydro,446.0,400.0,ES,42.500623,0.989212,3.0,3270.0,400.0,---,87.72692923,110.410617
HY5ES,ES,Sil,Pumped hydro,412.0,0.0,ES,43.49489,-7.242148,0.0,0.0,663.5,---,72.399176,95.08286382
HY6ES,ES,Aguayo,Pumped hydro,360.6,360.0,ES,43.095804,-4.000656,0.0,3700.0,328.0,---,84.61304092,107.2967287
HY7ES,ES,Tajo encantada,Pumped hydro,360.0,420.0,ES,36.908265,-4.763865,4.0,1000.0,341.0,---,76.27671618,98.96040399
HY8ES,ES,Puente Bibey,Pumped hydro,285.0,68.0,ES,42.263793,-7.387519,0.0,0.0,361.0,---,78.87396337,101.5576512
HY9ES,ES,Conso,Pumped hydro,267.0,216.0,ES,42.166873,-7.175245,0.0,0.0,193.0,---,87.58680801,110.2704958
HY10ES,ES,Valdecanas,Pumped hydro,247.0,168.0,ES,39.77787,-5.612464,1446.0,24700.0,116.0,---,89.5917397,112.2754275
HY11ES,ES,Bolarque 1/2/3,Pumped hydro,240.2,0.0,ES,40.362584,-2.819307,23.0,0.0,36.0,---,84.95960372,107.6432915
HY12ES,ES,Moralets I,Pumped hydro,221.0,219.0,ES,42.569,0.757,0.0,27000.0,753.0,---,83.47196562,106.1556534
HY13ES,ES,Soutelo,Pumped hydro,214.0,78.0,ES,42.246487,-7.167071,0.0,0.0,460.0,---,89.96392876,112.6476166
HY14ES,ES,Guillena,Pumped hydro,207.0,225.0,ES,37.567315,-6.049541,2.33,1123.0,217.0,---,73.3281355,96.01182331
HY15ES,ES,Torrejon,Pumped hydro,130.0,72.0,ES,39.835871,-5.989523,0.0,0.0,0.0,---,84.05724543,106.7409332
HY16ES,ES,Tanes,Pumped hydro,124.0,110.0,ES,43.221001,-5.428,0.0,0.0,0.0,---,78.56577343,101.2494612
HY17ES,ES,Gabriel galan,Pumped hydro,110.4,0.0,ES,40.221274,-6.133104,911.0,0.0,168.8,---,74.45950563,97.14319345
HY18ES,ES,Montamara,Pumped hydro,92.0,100.0,ES,42.673534,1.235138,0.0,0.0,630.0,---,76.13689462,98.82058244
HY19ES,ES,Ibon,Pumped hydro,89.0,99.0,ES,42.708,-0.496,5.3,0.0,935.0,---,77.71059538,100.3942832
HY20ES,ES,Valparaiso,Pumped hydro,65.0,80.0,ES,41.993,-6.271,169.0,0.0,358.3,---,72.10872556,94.79241337
HY21ES,ES,Guijo granadilla,Pumped hydro,52.21,0.0,ES,40.180133,-6.142519,0.0,0.0,0.0,---,89.35167394,112.0353618
HY22ES,ES,Pintado,Pumped hydro,41.232,0.0,ES,37.93753,-5.780025,213.0,77000.0,132.7,---,74.69473633,97.37842415
HY23ES,ES,Urdiceto,Pumped hydro,7.1,0.0,ES,42.6334211,0.218018,0.0,0.0,0.0,---,86.88605108,109.5697389
HY24ES,ES,Gobantes,Pumped hydro,3.34,0.0,ES,36.95558,-4.798108,0.0,0.0,0.0,---,82.87046214,105.55415
HY34FR,FR,Cheylas,Pumped hydro,485.0,500.0,FR,45.385,6.002,4.8,2900.0,18.0,---,65.78505802,98.6436704
HY37FR,FR,Coche,Pumped hydro,384.0,340.0,FR,45.497,6.51,2.1,930.0,34.0,---,75.79665535,108.6552677
HY56FR,FR,Grand maison,Pumped hydro,1700.0,1200.0,FR,45.146,6.051,132.0,34800.0,955.0,---,58.20804398,91.06665635
HY88FR,FR,Montezic,Pumped hydro,910.0,840.0,FR,44.734,2.641,34.0,36400.0,423.0,---,62.70496173,95.5635741
HY108FR,FR,Revin,Pumped hydro,808.0,0.0,FR,49.906,4.625,0.0,4503.0,0.0,---,71.15781996,104.0164323
HY137FR,FR,Super bissorte,Pumped hydro,742.3,600.0,FR,45.202,6.576,0.0,3150.0,0.0,---,70.24906686,103.1076792
HY1HR,HR,Fuzine,Pumped hydro,4.6,0.0,HR,45.305,14.716,1.23,0.0,49.0,---,78.08098805,105.1974808
HY2HR,HR,Busko blato,Pumped hydro,11.7,0.0,HR,43.661,17.03,0.0,0.0,0.0,---,77.14180141,104.2582941
HY33HR,HR,Orlovac A,Pumped hydro,79.0,0.0,HR,43.674,16.784,782.0,0.0,380.0,---,81.76413201,108.8806247
HY34HR,HR,Orlovac B,Pumped hydro,79.0,0.0,HR,43.674,16.784,782.0,0.0,380.0,---,79.40719717,106.5236899
HY35HR,HR,Orlovac C,Pumped hydro,79.0,0.0,HR,43.674,16.784,782.0,0.0,380.0,---,82.54044485,109.6569376
HY61HR,HR,Lepenica,Pumped hydro,0.8,0.0,HR,45.32,14.704,0.0,0.0,0.0,---,80.01592824,107.132421
HY62HR,HR,Velebit A,Pumped hydro,138.0,120.0,HR,44.208,15.753,12.3,1152.0,517.0,---,75.89665774,103.0131504
HY63HR,HR,Velebit B,Pumped hydro,138.0,120.0,HR,44.208,15.753,12.3,1152.0,517.0,---,90.53286415,117.6493569
HY9IT,IT,Anapo C.Le,Pumped hydro,500.0,500.0,IT,37.118,15.139,5.6,4000.0,312.0,---,87.64210874,112.8695475
HY22IT,IT,Bargi Centrale,Pumped hydro,281.0,281.0,IT,44.17,11.089,0.0,2640.0,0.0,---,93.42521844,118.6526572
HY50IT,IT,Capriati,Pumped hydro,120.0,113.0,IT,41.469,14.145,0.0,0.0,654.0,---,97.97721222,123.204651
HY106IT,IT,Edolo,Pumped hydro,978.0,1120.0,IT,46.171,10.348,17.04,4900.0,37.5,---,89.02673859,114.2541774
HY107IT,IT,Entracque Rovina,Pumped hydro,134.0,134.0,IT,44.226,7.382,0.0,2000.0,598.0,---,90.54713514,115.7745739
HY108IT,IT,Entracque_Chro,Pumped hydro,1064.0,1184.0,IT,44.244,7.396,30.18,16860.0,130.0,---,85.7967635,111.0242023
HY109IT,IT,Fadalto,Pumped hydro,240.0,210.0,IT,45.977,12.303,67.78,12480.0,80.0,---,88.74998718,113.977426
HY128IT,IT,Gargnano,Pumped hydro,137.0,137.0,IT,45.689,10.661,0.0,0.0,431.0,---,100.9042222,126.131661
HY137IT,IT,Guadalami C.Le,Pumped hydro,85.0,80.0,IT,37.954,13.281,0.0,0.0,0.0,---,93.62193931,118.8493781
HY222IT,IT,Pracomune,Pumped hydro,35.0,0.0,IT,46.55,10.894,0.0,0.0,377.0,---,81.14830535,106.3757441
HY228IT,IT,Presenzano,Pumped hydro,1005.0,1029.0,IT,41.382,14.09,6.0,15075.0,495.0,---,81.07834229,106.3057811
HY229IT,IT,Provvidenza,Pumped hydro,139.0,141.0,IT,44.55,11.1,217.0,147200.0,0.0,---,90.57168898,115.7991278
HY238IT,IT,Riva Del Garda - Nuovo,Pumped hydro,117.0,0.0,IT,45.886,10.841,0.0,0.0,0.0,---,88.38714555,113.6145843
HY239IT,IT,Roncovalgrande,Pumped hydro,1000.0,784.0,IT,46.07,8.734,10.0,17700.0,736.25,---,94.7695625,119.9970013
HY245IT,IT,S.Fiorano,Pumped hydro,568.0,210.0,IT,46.044,10.352,38.8,0.0,654.0,---,90.37644265,115.6038814
HY252IT,IT,S.Massenza 1 (Molveno),Pumped hydro,377.0,55.0,IT,46.068,10.983,32.7,44800.0,580.9,---,97.82708143,123.0545202
HY291IT,IT,Taloro1,Pumped hydro,314.0,240.0,IT,40.127,9.14,67.78,12480.0,80.0,---,85.32312602,110.5505648
HY294IT,IT,Telessio,Pumped hydro,35.0,0.0,IT,45.484,7.373,7.7,0.0,555.0,---,87.70636009,112.9337989
HY1LT,LT,Kruonis HA4,Pumped hydro,225.0,220.0,LT,54.799,24.247,41.0,2700.0,100.0,---,57.88382668,101.7950705
HY2LT,LT,Kruonis HA1,Pumped hydro,225.0,220.0,LT,54.799,24.247,41.0,2700.0,100.0,---,56.94464004,100.8558839
HY3LT,LT,Kruonis HA3,Pumped hydro,225.0,220.0,LT,54.799,24.247,41.0,2700.0,100.0,---,65.87593693,109.7871808
HY4LT,LT,Kruonis HA2,Pumped hydro,225.0,220.0,LT,54.799,24.247,41.0,2700.0,100.0,---,57.07110276,100.9823466
HY1LU,LU,Vianden 1,Pumped hydro,100.0,69.0,DELU,49.9518,6.1784,7.34,407.0,280.0,---,67.56270315,98.4107065
HY2LU,LU,Vianden 2,Pumped hydro,100.0,69.0,DELU,49.9518,6.1784,7.34,407.0,280.0,---,66.62351651,97.47151986
HY3LU,LU,Vianden 3,Pumped hydro,100.0,69.0,DELU,49.9518,6.1784,7.34,407.0,280.0,---,75.5548134,106.4028168
HY4LU,LU,Vianden 4,Pumped hydro,100.0,69.0,DELU,49.9518,6.1784,7.34,407.0,280.0,---,66.74997923,97.59798258
HY5LU,LU,Vianden 6,Pumped hydro,100.0,69.0,DELU,49.9518,6.1784,7.34,407.0,280.0,---,71.30880902,102.1568124
HY6LU,LU,Vianden 7,Pumped hydro,100.0,69.0,DELU,49.9518,6.1784,7.34,407.0,280.0,---,64.33226434,95.18026769
HY7LU,LU,Vianden 8,Pumped hydro,100.0,69.0,DELU,49.9518,6.1784,7.34,407.0,280.0,---,76.43901953,107.2870229
HY8LU,LU,Vianden 9,Pumped hydro,100.0,69.0,DELU,49.9518,6.1784,7.34,407.0,280.0,---,78.51569381,109.3636972
HY9LU,LU,Vianden 11,Pumped hydro,198.0,189.0,DELU,49.9518,6.1784,7.34,407.0,280.0,---,68.70957076,99.55757412
HY10LU,LU,Vianden 5,Pumped hydro,100.0,69.0,DELU,49.9518,6.1784,7.34,407.0,280.0,---,75.74204899,106.5900523
HY11LU,LU,Vianden 10,Pumped hydro,196.0,220.0,DELU,49.9518,6.1784,7.34,407.0,280.0,---,81.14502034,111.9930237
HY2AT,AT,Kaprun-Oberstufe Limberg,Pumped hydro,592.8,610.0,AT,47.275002,12.756,88.06,245100.0,365.0,---,54.10144921,86.89886424
HY3AT,AT,Kopswerk 2 M1,Pumped hydro,525.0,480.0,AT,46.975564,10.043049,29.25,2300.0,818.0,---,63.03274611,95.83016114
HY5AT,AT,Rodundwerk II,Pumped hydro,493.0,327.0,AT,47.084928,9.8778575,2.24,1800.0,353.0,---,61.94042373,94.73783876
HY6AT,AT,Reisseck-Jahresspeicher-KW - Kolbnitz,Pumped hydro,430.0,0.0,AT,47.0791667,13.3391667,7.8,31200.0,46.5,---,68.56629039,101.3637054
HY8AT,AT,HÃÂÃÂÃÂÃÂÃÂÃÂÃÂÃÂÃÂÃÂÃÂÃÂÃÂÃÂÃÂÃÂÃÂÃÂÃÂÃÂÃÂÃÂÃÂÃÂÃÂÃÂÃÂÃÂÃÂÃÂÃÂÃÂ¤uSIing,Pumped hydro,360.0,0.0,AT,47.146432,11.967219,86.7,244300.0,186.0,---,70.88478184,103.6821969
HY9AT,AT,Obervermuntwerk II,Pumped hydro,360.0,360.0,AT,46.936111,10.0625,35.63076923,134690.0,291.0,---,61.86093865,94.65835368
HY13AT,AT,KÃÂÃÂÃÂÃÂÃÂÃÂÃÂÃÂÃÂÃÂÃÂÃÂÃÂÃÂÃÂÃÂÃÂÃÂÃÂÃÂÃÂÃÂÃÂÃÂÃÂÃÂÃÂÃÂÃÂÃÂÃÂÃÂ¼htai I,Pumped hydro,292.0,242.0,AT,47.208,11.006,2.2,2700.0,0.0,---,61.64089611,94.43831114
HY27AT,AT,Feldsee,Pumped hydro,140.0,0.0,AT,46.9985746,13.0418733,1.65,0.0,0.0,---,72.07042914,104.8678442
HY30AT,AT,Oschenik innerfragant,Pumped hydro,108.0,100.0,AT,47.1374819,12.3273397,30.0,0.0,110.0,---,64.85758878,97.65500381
HY32AT,AT,Hintermuhr,Pumped hydro,104.0,86.0,AT,47.79940564,13.04399014,15.0,0.0,0.0,---,71.60659344,104.4040085
HY43AT,AT,Oschenik,Pumped hydro,81.0,0.0,AT,46.987999,13.106,0.0,0.0,0.0,---,60.72502061,93.52243564
HY60AT,AT,Koralpe,Pumped hydro,50.0,38.0,AT,46.6407766,14.9488018,16.2,0.0,0.0,---,77.94717661,110.7445916
HY78AT,AT,Nassfeld,Pumped hydro,31.5,0.0,AT,47.05,13.05,0.0,0.0,0.0,---,65.40467742,98.20209245
HY126AT,AT,Rellswerk,Pumped hydro,15.0,12.0,AT,47.0531826,9.7529724,0.0,0.0,0.0,---,73.56252041,106.3599354
HY163AT,AT,Rifa,Pumped hydro,7.0,0.0,AT,46.9782553,10.0383768,0.0,0.0,0.0,---,77.65593742,110.4533525
HY1PL,PL,?arnowiec H1,Pumped hydro,179.0,200.0,PL,54.7225,18.0825,0.0,1500.0,119.3,---,67.56270315,89.57041144
HY2PL,PL,?arnowiec H2,Pumped hydro,179.0,200.0,PL,54.7225,18.0825,0.0,1500.0,119.3,---,66.62351651,88.6312248
HY3PL,PL,?arnowiec H3,Pumped hydro,179.0,200.0,PL,54.7225,18.0825,0.0,1500.0,119.3,---,75.5548134,97.5625217
HY4PL,PL,?arnowiec H4,Pumped hydro,179.0,200.0,PL,54.7225,18.0825,0.0,1500.0,119.3,---,74.89839295,96.90610125
HY6PL,PL,Por?bka-?ar H1,Pumped hydro,135.0,0.0,PL,49.7809,19.21148,0.0,500.0,440.0,---,81.08835768,103.096066
HY7PL,PL,Por?bka-?ar H2,Pumped hydro,135.0,0.0,PL,49.7809,19.21148,0.0,500.0,440.0,---,79.6501089,101.6578172
HY8PL,PL,Por?bka-?ar H3,Pumped hydro,135.0,0.0,PL,49.7809,19.21148,0.0,500.0,440.0,---,83.40684913,105.4145574
HY9PL,PL,Por?bka-?ar H4,Pumped hydro,135.0,0.0,PL,49.7809,19.21148,0.0,500.0,440.0,---,74.38300595,96.39071424
HY10PL,PL,Niedzica,Pumped hydro,92.75,0.0,PL,49.4192,20.3228,0.0,600.0,0.0,---,77.84823469,99.85594298
HY11PL,PL,Solina H1,Pumped hydro,68.0,0.0,PL,49.3956,22.454,0.0,210.0,0.0,---,78.05593557,100.0636439
HY12PL,PL,Solina H2,Pumped hydro,68.0,0.0,PL,49.3956,22.454,0.0,210.0,0.0,---,86.16347422,108.1711825
HY13PL,PL,?ydowo H3,Pumped hydro,57.0,45.0,PL,54.024965,16.7069,0.0,2200.0,0.0,---,74.1629634,96.1706717
HY14PL,PL,Ro?nÃÂÃÂÃÂÃÂÃÂÃÂÃÂÃÂÃÂÃÂÃÂÃÂÃÂÃÂÃÂÃÂÃÂÃÂÃÂÃÂÃÂÃÂÃÂÃÂÃÂÃÂÃÂÃÂÃÂÃÂÃÂÃÂ³w,Pumped hydro,56.0,0.0,PL,49.7614,20.6631,0.0,0.0,0.0,---,72.32283683,94.33054512
HY15PL,PL,?ydowo H1,Pumped hydro,55.0,45.0,PL,54.024965,16.7069,0.0,2200.0,0.0,---,90.47874398,112.4864523
HY16PL,PL,?ydowo H2,Pumped hydro,55.0,45.0,PL,54.024965,16.7069,0.0,2200.0,0.0,---,86.48538862,108.4930969
HY17PL,PL,Solina H3,Pumped hydro,31.0,0.0,PL,49.3956,22.454,0.0,210.0,0.0,---,89.07939478,111.0871031
HY18PL,PL,Solina H4,Pumped hydro,31.0,0.0,PL,49.3956,22.454,0.0,210.0,0.0,---,77.44320073,99.45090903
HY19PL,PL,DychÃÂÃÂÃÂÃÂÃÂÃÂÃÂÃÂÃÂÃÂÃÂÃÂÃÂÃÂÃÂÃÂÃÂÃÂÃÂÃÂÃÂÃÂÃÂÃÂÃÂÃÂÃÂÃÂÃÂÃÂÃÂÃÂ³w H2,Pumped hydro,29.0,7.0,PL,51.9883,15.053333,0.0,0.0,0.0,---,71.44992722,93.45763552
HY20PL,PL,DychÃÂÃÂÃÂÃÂÃÂÃÂÃÂÃÂÃÂÃÂÃÂÃÂÃÂÃÂÃÂÃÂÃÂÃÂÃÂÃÂÃÂÃÂÃÂÃÂÃÂÃÂÃÂÃÂÃÂÃÂÃÂÃÂ³w H1,Pumped hydro,28.0,7.0,PL,51.9883,15.053333,0.0,0.0,0.0,---,75.74040142,97.74810972
HY21PL,PL,DychÃÂÃÂÃÂÃÂÃÂÃÂÃÂÃÂÃÂÃÂÃÂÃÂÃÂÃÂÃÂÃÂÃÂÃÂÃÂÃÂÃÂÃÂÃÂÃÂÃÂÃÂÃÂÃÂÃÂÃÂÃÂÃÂ³w H3,Pumped hydro,28.0,7.0,PL,51.9883,15.053333,0.0,0.0,0.0,---,78.97337658,100.9810849
HY26PL,PL,DychÃÂÃÂÃÂÃÂÃÂÃÂÃÂÃÂÃÂÃÂÃÂÃÂÃÂÃÂÃÂÃÂÃÂÃÂÃÂÃÂÃÂÃÂÃÂÃÂÃÂÃÂÃÂÃÂÃÂÃÂÃÂÃÂ³w,Pumped hydro,12.6,0.0,PL,51.9883,15.053333,0.0,250.0,0.0,---,84.15030216,106.1580105
HY1PT,PT,Venda Nova III / Frades II,Pumped hydro,780.0,780.0,PT,41.692695,-8.027817,0.0,0.0,420.0,---,73.62514928,92.94515538
HY2PT,PT,Alto Lindoso,Pumped hydro,630.0,630.0,PT,41.872,-8.2025,348.0,224600.0,110.0,---,72.68596264,92.00596874
HY3PT,PT,Alqueva,Pumped hydro,514.0,0.0,PT,38.197508,-7.496394,4150.0,5800.0,96.0,---,85.63692244,104.9569285
HY4PT,PT,Bemposta,Pumped hydro,431.0,0.0,PT,41.3009,-6.4699,20.0,2300.0,87.0,---,76.89900837,96.21901447
HY5PT,PT, Aguieira,Pumped hydro,336.0,270.0,PT,40.340285,-8.196778,304.0,39200.0,71.6,---,73.73137302,93.05137912
HY6PT,PT,Foz Tua,Pumped hydro,255.0,0.0,PT,42.25183,-8.1419,106.0,0.0,107.0,---,69.66000077,88.98000687
HY7PT,PT,Salamonde II,Pumped hydro,231.0,204.0,PT,41.689967,-8.092345,56.3,7520.0,75.0,---,82.66922073,101.9892268
HY8PT,PT,Frades I,Pumped hydro,196.0,0.0,PT,41.693192,-8.027951,92.1,23520.0,0.0,---,81.16190303,100.4819091
HY9PT,PT,Baixo Sabor Montante,Pumped hydro,189.0,189.0,PT,41.209099,-7.049,630.0,3400.0,123.0,---,74.70485787,94.02486397
HY10PT,PT,TorrÃÂÃÂÃÂÃÂÃÂÃÂÃÂÃÂÃÂÃÂÃÂÃÂÃÂÃÂÃÂÃÂÃÂÃÂÃÂÃÂÃÂÃÂÃÂÃÂÃÂÃÂÃÂÃÂÃÂÃÂÃÂÃÂ£o G1,Pumped hydro,140.0,0.0,PT,41.097355,-8.261137,0.0,980.0,0.0,---,82.24056176,101.5605679
HY11PT,PT,Vilarinho Furnas,Pumped hydro,125.0,79.0,PT,41.763285,-8.209765,69.7,137900.0,0.0,---,85.01548532,104.3354914
HY12PT,PT,Alto RabagÃÂÃÂÃÂÃÂÃÂÃÂÃÂÃÂÃÂÃÂÃÂÃÂÃÂÃÂÃÂÃÂÃÂÃÂÃÂÃÂÃÂÃÂÃÂÃÂÃÂÃÂÃÂÃÂÃÂÃÂÃÂÃÂ£o,Pumped hydro,68.0,63.0,PT,41.737703,-7.853632,0.0,8160.0,0.0,---,74.81016184,94.13016794
HY5SI,SI,Av?e,Pumped hydro,185.0,180.0,SI,46.08412,13.66757,2.17,2775.0,520.0,---,78.61049066,121.1153574
HY3SK,SK,?ierny VÃÂÃÂÃÂÃÂÃÂÃÂÃÂÃÂÃÂÃÂÃÂÃÂÃÂÃÂÃÂÃÂÃÂÃÂÃÂÃÂÃÂÃÂÃÂÃÂÃÂÃÂÃÂÃÂÃÂÃÂÃÂÃÂ¡h G1,Pumped hydro,122.4,0.0,SK,49.0091,19.91203,0.62,0.0,427.0,---,72.53151681,114.8501909
HY4SK,SK,?ierny VÃÂÃÂÃÂÃÂÃÂÃÂÃÂÃÂÃÂÃÂÃÂÃÂÃÂÃÂÃÂÃÂÃÂÃÂÃÂÃÂÃÂÃÂÃÂÃÂÃÂÃÂÃÂÃÂÃÂÃÂÃÂÃÂ¡h G2,Pumped hydro,122.4,0.0,SK,49.0091,19.91203,0.62,0.0,427.0,---,74.33127129,116.6499453
HY5SK,SK,?ierny VÃÂÃÂÃÂÃÂÃÂÃÂÃÂÃÂÃÂÃÂÃÂÃÂÃÂÃÂÃÂÃÂÃÂÃÂÃÂÃÂÃÂÃÂÃÂÃÂÃÂÃÂÃÂÃÂÃÂÃÂÃÂÃÂ¡h G3,Pumped hydro,122.4,0.0,SK,49.0091,19.91203,0.62,0.0,427.0,---,71.42662795,113.745302
HY6SK,SK,?ierny VÃÂÃÂÃÂÃÂÃÂÃÂÃÂÃÂÃÂÃÂÃÂÃÂÃÂÃÂÃÂÃÂÃÂÃÂÃÂÃÂÃÂÃÂÃÂÃÂÃÂÃÂÃÂÃÂÃÂÃÂÃÂÃÂ¡h G4,Pumped hydro,122.4,0.0,SK,49.0091,19.91203,0.62,0.0,427.0,---,67.26237731,109.5810513
HY7SK,SK,?ierny VÃÂÃÂÃÂÃÂÃÂÃÂÃÂÃÂÃÂÃÂÃÂÃÂÃÂÃÂÃÂÃÂÃÂÃÂÃÂÃÂÃÂÃÂÃÂÃÂÃÂÃÂÃÂÃÂÃÂÃÂÃÂÃÂ¡h G5,Pumped hydro,122.4,0.0,SK,49.0091,19.91203,0.62,0.0,427.0,---,63.58042487,105.8990989
HY8SK,SK,?ierny VÃÂÃÂÃÂÃÂÃÂÃÂÃÂÃÂÃÂÃÂÃÂÃÂÃÂÃÂÃÂÃÂÃÂÃÂÃÂÃÂÃÂÃÂÃÂÃÂÃÂÃÂÃÂÃÂÃÂÃÂÃÂÃÂ¡h G6,Pumped hydro,122.4,0.0,SK,49.0091,19.91203,0.62,0.0,427.0,---,63.2933105,105.6119845
HY13SK,SK,DobÃÂÃÂÃÂÃÂÃÂÃÂÃÂÃÂÃÂÃÂÃÂÃÂÃÂÃÂÃÂÃÂÃÂÃÂÃÂÃÂÃÂÃÂÃÂÃÂÃÂÃÂÃÂÃÂÃÂÃÂÃÂÃÂinÃÂÃÂÃÂÃÂÃÂÃÂÃÂÃÂÃÂÃÂÃÂÃÂÃÂÃÂÃÂÃÂÃÂÃÂÃÂÃÂÃÂÃÂÃÂÃÂÃÂÃÂÃÂÃÂÃÂÃÂÃÂÃÂ¡ G1,Pumped hydro,12.0,0.0,SK,48.80591,20.38578,0.0,0.0,0.0,---,73.25957314,115.5782472
HY14SK,SK,DobÃÂÃÂÃÂÃÂÃÂÃÂÃÂÃÂÃÂÃÂÃÂÃÂÃÂÃÂÃÂÃÂÃÂÃÂÃÂÃÂÃÂÃÂÃÂÃÂÃÂÃÂÃÂÃÂÃÂÃÂÃÂÃÂinÃÂÃÂÃÂÃÂÃÂÃÂÃÂÃÂÃÂÃÂÃÂÃÂÃÂÃÂÃÂÃÂÃÂÃÂÃÂÃÂÃÂÃÂÃÂÃÂÃÂÃÂÃÂÃÂÃÂÃÂÃÂÃÂ¡ G2,Pumped hydro,12.0,0.0,SK,48.80591,20.38578,0.0,0.0,0.0,---,60.18070598,102.49938
HY40SK,SK,LiptovskÃÂÃÂÃÂÃÂÃÂÃÂÃÂÃÂÃÂÃÂÃÂÃÂÃÂÃÂÃÂÃÂÃÂÃÂÃÂÃÂÃÂÃÂÃÂÃÂÃÂÃÂÃÂÃÂÃÂÃÂÃÂÃÂ¡ Mara G1,Pumped hydro,49.0,0.0,SK,49.09823,19.48484,90.0,0.0,0.0,---,62.58141665,104.9000907
HY41SK,SK,LiptovskÃÂÃÂÃÂÃÂÃÂÃÂÃÂÃÂÃÂÃÂÃÂÃÂÃÂÃÂÃÂÃÂÃÂÃÂÃÂÃÂÃÂÃÂÃÂÃÂÃÂÃÂÃÂÃÂÃÂÃÂÃÂÃÂ¡ Mara G2,Pumped hydro,49.0,0.0,SK,49.09823,19.48484,90.0,0.0,0.0,---,57.3622404,99.68091444
HY42SK,SK,LiptovskÃÂÃÂÃÂÃÂÃÂÃÂÃÂÃÂÃÂÃÂÃÂÃÂÃÂÃÂÃÂÃÂÃÂÃÂÃÂÃÂÃÂÃÂÃÂÃÂÃÂÃÂÃÂÃÂÃÂÃÂÃÂÃÂ¡ Mara G3,Pumped hydro,50.0,0.0,SK,49.09823,19.48484,90.0,0.0,0.0,---,57.50119462,99.81986866
HY43SK,SK,LiptovskÃÂÃÂÃÂÃÂÃÂÃÂÃÂÃÂÃÂÃÂÃÂÃÂÃÂÃÂÃÂÃÂÃÂÃÂÃÂÃÂÃÂÃÂÃÂÃÂÃÂÃÂÃÂÃÂÃÂÃÂÃÂÃÂ¡ Mara G4,Pumped hydro,50.0,0.0,SK,49.09823,19.48484,90.0,0.0,0.0,---,59.12375802,101.4424321
HY65SK,SK,RuÃÂÃÂÃÂÃÂÃÂÃÂÃÂÃÂÃÂÃÂÃÂÃÂÃÂÃÂÃÂÃÂÃÂÃÂÃÂÃÂÃÂÃÂÃÂÃÂÃÂÃÂÃÂÃÂÃÂÃÂÃÂÃÂÃÂÃÂÃÂÃÂÃÂÃÂÃÂÃÂÃÂÃÂÃÂÃÂÃÂÃÂÃÂÃÂÃÂÃÂÃÂÃÂÃÂÃÂÃÂÃÂÃÂÃÂÃÂÃÂÃÂÃÂÃÂÃÂ­n G1,Pumped hydro,30.0,0.0,SK,48.86048,21.09436,0.0,0.0,0.0,---,63.77058566,106.0892597
HY66SK,SK,RuÃÂÃÂÃÂÃÂÃÂÃÂÃÂÃÂÃÂÃÂÃÂÃÂÃÂÃÂÃÂÃÂÃÂÃÂÃÂÃÂÃÂÃÂÃÂÃÂÃÂÃÂÃÂÃÂÃÂÃÂÃÂÃÂÃÂÃÂÃÂÃÂÃÂÃÂÃÂÃÂÃÂÃÂÃÂÃÂÃÂÃÂÃÂÃÂÃÂÃÂÃÂÃÂÃÂÃÂÃÂÃÂÃÂÃÂÃÂÃÂÃÂÃÂÃÂÃÂ­n G2,Pumped hydro,30.0,0.0,SK,48.86048,21.09436,0.0,0.0,0.0,---,71.06145601,113.38013
HY1UK,UK,Dinorwig 1,Pumped hydro,336.0,336.0,GB,53.118,-4.103,6.7,1733.333333,542.0,---,67.56270315,85.52646247
HY2UK,UK,Dinorwig 2,Pumped hydro,336.0,336.0,GB,53.118,-4.103,6.7,1733.333333,542.0,---,66.62351651,84.58727583
HY3UK,UK,Dinorwig 3,Pumped hydro,336.0,336.0,GB,53.118,-4.103,6.7,1733.333333,542.0,---,67.6826782,85.64643752
HY4UK,UK,Dinorwig 4,Pumped hydro,336.0,336.0,GB,53.118,-4.103,6.7,1733.333333,542.0,---,73.64542967,91.60918899
HY5UK,UK,Dinorwig 5,Pumped hydro,336.0,336.0,GB,53.118,-4.103,6.7,1733.333333,542.0,---,75.90762582,93.87138514
HY6UK,UK,Dinorwig 6,Pumped hydro,336.0,336.0,GB,53.118,-4.103,6.7,1733.333333,542.0,---,62.03217674,79.99593606
HY8UK,UK,Foyers/Loch MhÃÂÃÂÃÂÃÂÃÂÃÂÃÂÃÂÃÂÃÂÃÂÃÂÃÂÃÂÃÂÃÂÃÂÃÂÃÂÃÂÃÂÃÂÃÂÃÂÃÂÃÂÃÂÃÂÃÂÃÂÃÂÃÂ²r 1,Pumped hydro,160.0,150.0,GB,57.246,-4.49,0.0,3150.0,0.0,---,72.99648616,90.96024548
HY9UK,UK,Foyers/Loch MhÃÂÃÂÃÂÃÂÃÂÃÂÃÂÃÂÃÂÃÂÃÂÃÂÃÂÃÂÃÂÃÂÃÂÃÂÃÂÃÂÃÂÃÂÃÂÃÂÃÂÃÂÃÂÃÂÃÂÃÂÃÂÃÂ²r 2,Pumped hydro,160.0,150.0,GB,57.246,-4.49,0.0,3150.0,0.0,---,67.21555661,85.17931593
HY11UK,UK,Cruachan 1,Pumped hydro,120.0,120.0,GB,56.394,-5.115,11.3,1750.0,46.0,---,63.82568142,81.78944074
HY12UK,UK,Cruachan 2,Pumped hydro,120.0,120.0,GB,56.394,-5.115,11.3,1750.0,46.0,---,62.34510815,80.30886747
HY13UK,UK,Cruachan 3,Pumped hydro,100.0,120.0,GB,56.394,-5.115,11.3,1750.0,46.0,---,68.93154339,86.89530271
HY14UK,UK,Cruachan 4,Pumped hydro,100.0,120.0,GB,56.394,-5.115,11.3,1750.0,46.0,---,78.28184339,96.24560271
HY16UK,UK,Ffestiniog 1,Pumped hydro,96.0,96.0,GB,53.118,-4.103,1.7,432.5,310.0,---,81.4860593,99.44981862
HY17UK,UK,Ffestiniog 2,Pumped hydro,96.0,96.0,GB,53.118,-4.103,1.7,432.5,310.0,---,80.56813725,98.53189657
HY18UK,UK,Ffestiniog 3,Pumped hydro,96.0,96.0,GB,53.118,-4.103,1.7,432.5,310.0,---,62.8680355,80.83179482
HY19UK,UK,Ffestiniog 4,Pumped hydro,96.0,96.0,GB,53.118,-4.103,1.7,432.5,310.0,---,81.9513339,99.91509322
HY2CH,CH,Nant de Drance,Pumped hydro,914.0,0.0,CH,46.0629,6.9101,13.8,0.0,45.0,---,66.62351651,84.82771609
HY3CH,CH,Hongrin-LÃÂÃÂÃÂÃÂÃÂÃÂÃÂÃÂÃÂÃÂÃÂÃÂÃÂÃÂÃÂÃÂÃÂÃÂÃÂÃÂÃÂÃÂÃÂÃÂÃÂÃÂÃÂÃÂÃÂÃÂÃÂÃÂ©man,Pumped hydro,420.0,437.4,CH,46.41131,6.93409,53.2,0.0,125.0,---,65.06191224,83.26611183
HY11CH,CH,Mapragg,Pumped hydro,279.9,159.0,CH,46.9484408,9.48129888,3.34,3080.0,147.0,---,78.9600977,97.16429728
HY14CH,CH,Limmern - Muttsee G1,Pumped hydro,250.0,250.0,CH,46.84886,9.01184,23.43,8500.0,35.0,---,65.45686306,83.66106265
HY15CH,CH,Limmern - Muttsee G2,Pumped hydro,250.0,250.0,CH,46.84886,9.01184,23.43,8500.0,35.0,---,69.83551661,88.0397162
HY16CH,CH,Limmern - Muttsee G3,Pumped hydro,250.0,250.0,CH,46.84886,9.01184,23.43,8500.0,35.0,---,66.82262636,85.02682594
HY17CH,CH,Limmern - Muttsee G4,Pumped hydro,250.0,250.0,CH,46.84886,9.01184,23.43,8500.0,35.0,---,64.01966687,82.22386645
HY21CH,CH,Robiei,Pumped hydro,192.0,162.0,CH,46.44499479,8.508901501,126.0,6500.0,338.0,---,64.48933731,82.6935369
HY23CH,CH,Ferrera 1,Pumped hydro,180.0,90.0,CH,46.53291776,9.434193385,197.0,22630.0,28.0,---,70.40333966,88.60753924
HY33CH,CH,Etzelwerk,Pumped hydro,135.0,54.0,CH,47.1941129,8.812915171,0.0,104930.0,0.0,---,68.78316163,86.98736121
HY41CH,CH,ChÃÂÃÂÃÂÃÂÃÂÃÂÃÂÃÂÃÂÃÂÃÂÃÂÃÂÃÂÃÂÃÂÃÂÃÂÃÂÃÂÃÂÃÂÃÂÃÂÃÂÃÂÃÂÃÂÃÂÃÂÃÂÃÂ¢telard-Barberine,Pumped hydro,112.0,30.0,CH,46.06201817,6.95858815,0.0,8960.0,804.0,---,74.98741418,93.19161377
HY57CH,CH,Zermeiggern,Pumped hydro,74.0,0.0,CH,46.08236906,7.956505432,0.0,0.0,0.0,---,66.75069605,84.95489564
HY60CH,CH,Mottec,Pumped hydro,71.0,32.0,CH,46.15303624,7.619988428,77.0,220.0,617.0,---,75.43661332,93.6408129
HY64CH,CH,WÃÂÃÂÃÂÃÂÃÂÃÂÃÂÃÂÃÂÃÂÃÂÃÂÃÂÃÂÃÂÃÂÃÂÃÂÃÂÃÂÃÂÃÂÃÂÃÂÃÂÃÂÃÂÃÂÃÂÃÂÃÂÃÂ¤gital (Rempen),Pumped hydro,66.24,16.0,CH,47.13837318,8.897577361,0.5,140.0,252.5,---,76.90167144,95.10587102
HY74CH,CH,Handeck 3 - Isogyre,Pumped hydro,55.1,48.0,CH,46.61569573,8.303130056,0.0,510.0,108.0,---,73.17880259,91.38300218
HY78CH,CH,Ova Spin,Pumped hydro,54.0,0.0,CH,46.67825853,10.14447535,0.0,2580.0,175.0,---,80.26592818,98.47012776
HY79CH,CH,Sambuco-Peccia,Pumped hydro,54.0,24.0,CH,46.41564187,8.61147407,64.0,110.0,130.0,---,75.08221742,93.28641701
HY210CH,CH,Illsee,Pumped hydro,8.2,0.0,CH,46.28325198,7.688797733,6.49,0.0,25.0,---,79.30855768,97.51275727
HY301CH,CH,Bortel-Oberstufe,Pumped hydro,2.35,0.0,CH,46.29345117,8.088158871,0.0,0.0,0.0,---,73.30723121,91.51143079
HY19RS,RS,Bajina Basta G1,Pumped hydro,307.0,0.0,RS,43.9625,19.4123,75.0,0.0,554.0,---,72.93830586,117.7833018
HY20RS,RS,Bajina Basta G2,Pumped hydro,307.0,0.0,RS,43.9625,19.4123,75.0,0.0,554.0,---,66.62348224,111.4684782
HY2BA,BA,Capljina G1,Pumped hydro,210.0,210.0,BA,42.936,17.831,6.5,1700.0,221.0,---,66.62351651,97.47151986
HY3BA,BA,Capljina G2,Pumped hydro,220.0,220.0,BA,42.936,17.831,6.5,1700.0,221.0,---,62.02752443,92.87552779
